{"entity.chicken.ambient":{"sounds":[{"name":"mob\/chicken\/say1","volume":0.05},{"name":"mob\/chicken\/say2","volume":0.05},{"name":"mob\/chicken\/say3","volume":0.05}],"replace":true,"subtitle":"subtitles.entity.chicken.ambient"},"entity.chicken.death":{"sounds":[{"name":"mob\/chicken\/hurt1","volume":0.05},{"name":"mob\/chicken\/hurt2","volume":0.05}],"replace":true,"subtitle":"subtitles.entity.chicken.death"},"entity.chicken.egg":{"sounds":[{"name":"mob\/chicken\/plop","volume":0.05}],"replace":true,"subtitle":"subtitles.entity.chicken.egg"},"entity.chicken.hurt":{"sounds":[{"name":"mob\/chicken\/hurt1","volume":0.05},{"name":"mob\/chicken\/hurt2","volume":0.05}],"replace":true,"subtitle":"subtitles.entity.chicken.hurt"},"entity.chicken.step":{"sounds":[{"name":"mob\/chicken\/step1","volume":0.05},{"name":"mob\/chicken\/step2","volume":0.05}],"replace":true,"subtitle":"subtitles.block.generic.footsteps"},"entity.cow.ambient":{"sounds":[{"name":"mob\/cow\/say1","volume":0.05},{"name":"mob\/cow\/say2","volume":0.05},{"name":"mob\/cow\/say3","volume":0.05},{"name":"mob\/cow\/say4","volume":0.05}],"replace":true,"subtitle":"subtitles.entity.cow.ambient"},"entity.cow.death":{"sounds":[{"name":"mob\/cow\/hurt1","volume":0.05},{"name":"mob\/cow\/hurt2","volume":0.05},{"name":"mob\/cow\/hurt3","volume":0.05}],"replace":true,"subtitle":"subtitles.entity.cow.death"},"entity.cow.hurt":{"sounds":[{"name":"mob\/cow\/hurt1","volume":0.05},{"name":"mob\/cow\/hurt2","volume":0.05},{"name":"mob\/cow\/hurt3","volume":0.05}],"replace":true,"subtitle":"subtitles.entity.cow.hurt"},"entity.cow.milk":{"sounds":[{"name":"mob\/cow\/milk1","volume":0.05},{"name":"mob\/cow\/milk2","volume":0.05},{"name":"mob\/cow\/milk3","volume":0.05}],"replace":true,"subtitle":"subtitles.entity.cow.milk"},"entity.cow.step":{"sounds":[{"name":"mob\/cow\/step1","volume":0.05},{"name":"mob\/cow\/step2","volume":0.05},{"name":"mob\/cow\/step3","volume":0.05},{"name":"mob\/cow\/step4","volume":0.05}],"replace":true,"subtitle":"subtitles.block.generic.footsteps"},"entity.wolf.ambient":{"sounds":[{"name":"mob\/wolf\/bark1","volume":0.05},{"name":"mob\/wolf\/bark2","volume":0.05},{"name":"mob\/wolf\/bark3","volume":0.05}],"replace":true,"subtitle":"subtitles.entity.wolf.ambient"},"entity.wolf.death":{"sounds":[{"name":"mob\/wolf\/death","volume":0.05}],"replace":true,"subtitle":"subtitles.entity.wolf.death"},"entity.wolf.growl":{"sounds":[{"name":"mob\/wolf\/growl1","volume":0.05},{"name":"mob\/wolf\/growl2","volume":0.05},{"name":"mob\/wolf\/growl3","volume":0.05}],"replace":true,"subtitle":"subtitles.entity.wolf.growl"},"entity.wolf.howl":{"sounds":[{"name":"mob\/wolf\/howl1","volume":0.05},{"name":"mob\/wolf\/howl2","volume":0.05}]},"entity.wolf.hurt":{"sounds":[{"name":"mob\/wolf\/hurt1","volume":0.05},{"name":"mob\/wolf\/hurt2","volume":0.05},{"name":"mob\/wolf\/hurt3","volume":0.05}],"replace":true,"subtitle":"subtitles.entity.wolf.hurt"},"entity.wolf.pant":{"sounds":[{"name":"mob\/wolf\/panting","volume":0.05}],"replace":true,"subtitle":"subtitles.entity.wolf.ambient"},"entity.wolf.shake":{"sounds":[{"name":"mob\/wolf\/shake","volume":0.05}],"replace":true,"subtitle":"subtitles.entity.wolf.shake"},"entity.wolf.step":{"sounds":[{"name":"mob\/wolf\/step1","volume":0.05},{"name":"mob\/wolf\/step2","volume":0.05},{"name":"mob\/wolf\/step3","volume":0.05},{"name":"mob\/wolf\/step4","volume":0.05},{"name":"mob\/wolf\/step5","volume":0.05}],"replace":true,"subtitle":"subtitles.block.generic.footsteps"},"entity.wolf.whine":{"sounds":[{"name":"mob\/wolf\/whine","volume":0.05}],"replace":true,"subtitle":"subtitles.entity.wolf.ambient"}}